{
  "checkpoint": "D:\\hz\\attention_unet_project\\runs\\attention_unet_finetune_lr1e4_seed42\\best_attention_unet.pt",
  "split": "test",
  "samples": 252,
  "device": "cpu",
  "base_channels": 16,
  "image_size": [
    256,
    256
  ],
  "threshold": 0.23,
  "postprocess": null,
  "loss": 0.05572440102696419,
  "dice": 0.9557551741600037,
  "iou": 0.9163126349449158,
  "precision": 0.9437423944473267,
  "recall": 0.9686245918273926,
  "metrics": {
    "loss": {
      "mean": 0.05572440102696419,
      "std": 0.024184725784211766,
      "variance": 0.0005849009612575173,
      "min": 0.0008217692375183105,
      "max": 0.17843982577323914
    },
    "dice": {
      "mean": 0.9557551741600037,
      "std": 0.024016834724016358,
      "variance": 0.000576808350160718,
      "min": 0.7788667678833008,
      "max": 1.0
    },
    "iou": {
      "mean": 0.9163126349449158,
      "std": 0.042768333404870955,
      "variance": 0.0018291303422302008,
      "min": 0.6379137635231018,
      "max": 1.0
    },
    "precision": {
      "mean": 0.9437423944473267,
      "std": 0.03139427527313469,
      "variance": 0.000985600519925356,
      "min": 0.7770311832427979,
      "max": 1.0
    },
    "recall": {
      "mean": 0.9686245918273926,
      "std": 0.023638682631432095,
      "variance": 0.0005587873165495694,
      "min": 0.7808471322059631,
      "max": 1.0
    }
  }
}